INSERT INTO `articles` (`id`, `title`, `perex`, `user_label`, `content`, `images_id`, `lang`, `created`, `changed`) VALUES
(1,	'Článek ve struktuře',	'<p>Lorem ipsum dolor sit amet, consectetur adipiscing elit. Nulla viverra nulla ut sem congue ullamcorper. Praesent dapibus commodo arcu non rutrum. Fusce a nunc quis nunc tristique pharetra sit amet non arcu. Curabitur consequat consequat nulla eget dignissim. Vestibulum lobortis, eros sit amet dictum volutpat, est lectus mattis ante, et sollicitudin dolor erat sit amet mi.</p>',	NULL,	'<div id=\"lipsum\">\n<p>Lorem ipsum dolor sit amet, consectetur adipiscing elit. Nulla viverra nulla ut sem congue ullamcorper. Praesent dapibus commodo arcu non rutrum. Fusce a nunc quis nunc tristique pharetra sit amet non arcu. Curabitur consequat consequat nulla eget dignissim. Vestibulum lobortis, eros sit amet dictum volutpat, est lectus mattis ante, et sollicitudin dolor erat sit amet mi. Pellentesque ultrices tristique cursus. Suspendisse pulvinar, ex eu aliquam interdum, urna odio aliquam lacus, ac molestie nisi enim at enim. Donec fringilla elementum magna, in viverra sapien sollicitudin nec. Nullam ac libero ipsum. Quisque a mauris dictum, aliquet tortor ultrices, vehicula orci. Donec vestibulum rutrum ex, et viverra ipsum facilisis eu. Vestibulum ultricies mi ut dui fringilla hendrerit. Cras suscipit sapien at magna pellentesque, non bibendum arcu aliquet. Morbi scelerisque sed eros sed tristique. Morbi consequat aliquam quam eu vulputate.</p>\n<p>Quisque euismod pretium varius. Nulla sollicitudin laoreet elit at scelerisque. Suspendisse sit amet venenatis enim, sollicitudin egestas nisl. Mauris quis iaculis urna. Fusce purus purus, blandit vel porttitor eu, auctor ac nibh. Sed fringilla nunc augue, non tristique urna tempor in. Ut blandit hendrerit elementum. Praesent cursus, neque at lobortis tincidunt, quam eros efficitur diam, sodales efficitur massa ipsum et dolor.</p>\n<p>Vivamus sodales molestie nisi. Donec lectus nunc, vestibulum vel maximus sed, lacinia accumsan neque. Quisque magna tellus, auctor sed nulla sit amet, facilisis maximus arcu. Vestibulum vitae mi mi. In hac habitasse platea dictumst. Vestibulum ante ipsum primis in faucibus orci luctus et ultrices posuere cubilia Curae; Vivamus sit amet lorem pellentesque, porttitor erat eget, mollis orci. Vivamus vel bibendum arcu. Curabitur accumsan, orci at pellentesque accumsan, nisl felis feugiat orci, in convallis felis dui in sapien. Vestibulum sollicitudin congue viverra. Maecenas sit amet fringilla eros, a pellentesque nunc.</p>\n<p>Sed condimentum interdum tortor id semper. Vivamus sapien erat, porta at nibh eget, facilisis interdum risus. Nulla posuere nibh eros, interdum aliquam neque porttitor vestibulum. Aenean molestie quam ex, eu fringilla lacus mollis ut. Morbi quis faucibus ligula. Proin lectus neque, commodo at dui vitae, maximus facilisis odio. Morbi id egestas diam. Curabitur finibus laoreet sem, nec suscipit neque eleifend ac. Integer at vulputate lorem. Phasellus urna augue, scelerisque iaculis tristique vehicula, sagittis ut eros. Duis at lectus id tortor faucibus feugiat.</p>\n<p>Etiam faucibus, nisi eget porttitor egestas, quam odio blandit orci, non porttitor sapien odio nec nisl. Pellentesque in hendrerit ipsum. Vestibulum ac nisi mauris. Nullam ac cursus sem. Pellentesque vitae nisi vitae purus tempor tempor. Pellentesque tempor odio vitae nibh auctor, vitae porta diam sodales. In nec malesuada mauris. Quisque pharetra, massa semper egestas malesuada, dolor arcu sodales est, at pharetra purus nisl vitae nibh. Suspendisse vel sodales ex. Vestibulum ante ipsum primis in faucibus orci luctus et ultrices posuere cubilia Curae; Duis iaculis rhoncus risus, a sagittis dui dapibus at. Mauris iaculis in magna vel rhoncus. Class aptent taciti sociosqu ad litora torquent per conubia nostra, per inceptos himenaeos. Pellentesque habitant morbi tristique senectus et netus et malesuada fames ac turpis egestas. Pellentesque imperdiet, justo non ultricies tempus, libero libero tincidunt ex, at vulputate eros ligula at lacus. Nam varius faucibus lectus iaculis congue.</p>\n</div>',	NULL,	'cz',	'2015-05-05 11:12:53',	'2022-03-18 09:17:42'),
(2,	'Článek',	'<p>perex</p>',	NULL,	'<div id=\"lipsum\">\n<p>Lorem ipsum dolor sit amet, consectetur adipiscing elit. Phasellus ultrices lobortis ligula sit amet congue. Curabitur sed pretium lectus, eu lacinia augue. Nam iaculis rutrum elit ut vestibulum. Suspendisse commodo ultrices lacinia. In scelerisque purus malesuada nulla iaculis tempor. Suspendisse et vehicula tortor. Donec pellentesque lacus vel ultrices finibus. Vivamus a iaculis lectus, facilisis auctor nisi. Orci varius natoque penatibus et magnis dis parturient montes, nascetur ridiculus mus. Ut ac ante lacinia, consectetur massa eget, fermentum orci. Phasellus magna ante, rutrum et commodo nec, mattis a lacus. Integer tristique aliquam felis. Nulla facilisi. Duis volutpat ipsum velit, non vulputate nibh pellentesque eget.</p>\n<p>Duis finibus ligula nec felis sagittis, quis rutrum ante varius. Mauris magna tortor, sodales nec placerat eleifend, tempus a est. Vestibulum vel lectus velit. Aenean mollis dapibus nibh at lacinia. Integer ipsum eros, fringilla a cursus et, ultrices vitae diam. Sed quis consequat ligula. In vel sollicitudin ex. Quisque aliquam est sed lacus consequat pretium. Sed ultrices velit vel arcu dapibus vehicula. Vivamus faucibus efficitur augue, ornare ullamcorper est fringilla ut. Sed bibendum nunc ex, nec pulvinar enim euismod in. Curabitur turpis ligula, commodo eu scelerisque ut, elementum quis ante. Fusce id mi eu sem vehicula sollicitudin in eget felis. Quisque sagittis interdum tincidunt. Vivamus sed consequat lectus. Quisque eu ex sed massa semper interdum in sit amet massa.</p>\n<p>Maecenas sed felis auctor, condimentum sem et, tempus neque. Phasellus eu gravida lorem, eget viverra risus. Etiam tincidunt aliquet nulla, sagittis eleifend dui elementum eu. Orci varius natoque penatibus et magnis dis parturient montes, nascetur ridiculus mus. Curabitur accumsan egestas aliquet. Integer nec quam quis libero fermentum lobortis. Pellentesque ultrices mollis nisl, a dictum lectus rhoncus eu. Duis placerat leo consequat dictum dignissim. Vivamus ultricies dolor eget mi posuere maximus. Mauris et aliquam lectus. Phasellus semper, mauris eget aliquet convallis, lacus lacus euismod odio, vitae lobortis leo sapien vitae velit. Aliquam sit amet nisl libero. Ut eget neque rutrum, dapibus ante vel, ullamcorper dolor. Sed euismod, erat quis commodo vestibulum, mauris nisl lacinia mi, in pellentesque turpis quam vel nulla.</p>\n<p>Fusce nisl est, ullamcorper ac libero a, mattis vehicula erat. Nullam malesuada elit vitae tortor luctus, vitae vestibulum purus semper. Sed in metus mauris. Pellentesque a semper nisl, et viverra sapien. In hac habitasse platea dictumst. Morbi metus massa, commodo nec ipsum quis, ornare maximus orci. In ut euismod quam, id auctor urna. Integer posuere arcu ut tincidunt interdum. Aliquam feugiat nulla a nisi iaculis vestibulum. Proin malesuada est at ante mollis, quis condimentum nunc blandit. Sed tristique, neque ac imperdiet tincidunt, eros arcu molestie mi, vitae gravida massa leo quis velit. Curabitur lobortis viverra varius. Aliquam scelerisque sapien sit amet leo accumsan consequat. Sed ultricies ut libero sed malesuada. Orci varius natoque penatibus et magnis dis parturient montes, nascetur ridiculus mus.</p>\n<p>Nam malesuada leo tempus, facilisis nulla ac, tincidunt sem. Etiam placerat eros odio, eu sodales urna aliquet in. Quisque varius dui ac ipsum dignissim lobortis. Duis sit amet metus leo. Cras eu urna nec ipsum volutpat rutrum. Integer id blandit felis. Sed et nisi vitae odio rhoncus eleifend. Integer commodo efficitur odio sed suscipit. Mauris eu elit eu orci malesuada laoreet. Maecenas posuere egestas neque, ac vulputate mi posuere sit amet. Quisque volutpat risus ac orci imperdiet rhoncus.</p>\n</div>\n<p>&nbsp;</p>\n<p>&nbsp;</p>\n<p>&nbsp;</p>\n<p>&nbsp;</p>',	2,	NULL,	'2016-02-09 17:41:28',	'2024-06-17 10:56:16'),
(3,	'Druhý článek',	NULL,	'22',	NULL,	NULL,	'cz',	'2022-03-17 19:11:27',	'2022-03-17 18:19:57');

INSERT INTO `articles2documents` (`id`, `articles_id`, `documents_id`, `title_override`, `subtitle_override`, `order`) VALUES
(1,	2,	1,	NULL,	NULL,	0);

INSERT INTO `articles2images` (`id`, `articles_id`, `images_id`, `title_override`, `subtitle_override`, `order`) VALUES
(1,	3,	2,	NULL,	NULL,	1),
(2,	3,	1,	NULL,	NULL,	0),
(3,	2,	2,	NULL,	NULL,	0);

INSERT INTO `articles2tags` (`id`, `articles_id`, `tags_id`, `order`) VALUES
(1,	3,	1,	0),
(2,	2,	1,	0),
(3,	2,	2,	0);

INSERT INTO `articles2videos` (`id`, `articles_id`, `videos_id`, `title_override`, `order`) VALUES
(1,	2,	1,	NULL,	0);

INSERT INTO `article_category` (`id`, `title`, `seo`, `lang`, `class`, `description`, `highlight`, `active`, `order`, `images_id`) VALUES
(1,	'Rubrika',	'rubrika',	'cz',	'',	'',	0,	1,	0,	NULL),
(2,	'Kategorie 2',	'kategorie-nahled',	NULL,	NULL,	NULL,	0,	1,	0,	NULL);

INSERT INTO `article_category2articles` (`id`, `article_category_id`, `articles_id`, `publish_date`, `active`) VALUES
(1,	1,	2,	'2023-01-18 23:38:00',	1),
(2,	1,	3,	'2022-03-18 00:00:00',	0),
(3,	1,	1,	'2022-03-19 00:00:00',	1);

INSERT INTO `documents` (`id`, `users_id`, `file`, `title`, `subtitle`, `created`, `changed`) VALUES
(1,	2,	'Soubor-ke-stazeni.xlsx',	'podtitul',	NULL,	'2024-06-17 12:54:15',	'2024-06-17 10:54:15');

INSERT INTO `images` (`id`, `users_id`, `file`, `title`, `subtitle`, `crop`, `created`, `changed`) VALUES
(1,	1,	'OXIT-logo.png',	'OXIT',	NULL,	0,	'2022-03-16 16:01:57',	'2022-04-22 10:33:30'),
(2,	2,	'Snimek-obrazovky.png',	'Snimek-obrazovky.png',	NULL,	0,	'2023-11-10 17:02:12',	'2023-11-10 16:02:12');


INSERT INTO `partners` (`id`, `name`, `description`, `images_id`, `link`, `lang`, `active`, `order`, `created`, `changed`) VALUES
(1,	'OXIT s.r.o.',	NULL,	1,	NULL,	'cz',	1,	0,	'2022-04-22 12:33:03',	'2022-04-22 10:33:03');

INSERT INTO `partner_category` (`id`, `title`, `lang`, `active`, `order`) VALUES
(1,	'IT',	'cz',	1,	0);

INSERT INTO `slideshows` (`id`, `lang`, `title`, `code`, `interval`, `pause`, `indicators`, `navigation`) VALUES
(3,	NULL,	'Domů',	'slideshow-3',	0,	0,	0,	0),
(4,	NULL,	NULL,	'slideshow-4',	NULL,	NULL,	NULL,	NULL);

INSERT INTO `structure` (`id`, `branch`, `parent`, `name`, `images_id`, `link_type`, `link`, `link_append`, `presenter`, `action`, `params`, `redirect`, `content`, `show_submenu`, `show_subordinate`, `seo_title`, `seo_description`, `seo_keywords`, `active`, `order`, `created`, `changed`) VALUES
(2,	1,	0,	'Položka menu',	NULL,	'local_link',	'/polozka-menu.html',	'',	NULL,	NULL,	'',	'',	'',	0,	0,	'',	'',	'',	1,	0,	'2015-05-05 11:12:49',	'2023-04-11 09:31:39'),
(3,	1,	0,	'Partneři',	NULL,	'presenter',	'',	'',	'Partners',	'default',	'',	'',	'',	0,	0,	'',	'',	'',	1,	1,	'2015-05-05 11:48:34',	'2024-03-12 10:32:31'),
(4,	1,	2,	'Podmenu',	NULL,	'local_link',	'/podmenu.html',	'',	NULL,	NULL,	'',	'',	'',	0,	0,	'',	'',	'',	1,	1,	'2015-08-07 14:13:50',	'2023-04-11 09:31:39'),
(5,	1,	2,	'Další podmenu',	NULL,	'local_link',	'/dalsi-podmenu.html',	'',	NULL,	NULL,	'',	'',	'',	0,	0,	'',	'',	'',	1,	2,	'2015-08-07 14:36:25',	'2023-04-11 09:31:39'),
(6,	1,	2,	'Co děláme',	NULL,	'local_link',	'/co-delame.html',	'',	NULL,	NULL,	'',	'',	'',	0,	0,	'',	'',	'',	1,	0,	'2015-09-02 16:51:51',	'2023-04-11 09:31:39'),
(7,	1,	0,	'Domů',	NULL,	'presenter',	'',	'',	'Homepage',	'default',	'',	'',	'',	0,	0,	'',	'',	'',	1,	2,	'2015-09-02 17:29:04',	'2024-03-12 10:32:31'),
(8,	1,	5,	'Blog',	NULL,	'presenter',	'',	'',	'Category',	'content',	'id=1&seo=rubrika',	'',	'',	0,	0,	'',	'',	'',	1,	0,	'2016-02-09 17:53:32',	'2023-04-11 09:31:39'),
(9,	1,	0,	'Novinky',	NULL,	'presenter',	'',	'',	'News',	'default',	'page=',	'',	'',	0,	0,	'',	'',	'',	1,	3,	'2021-11-11 17:36:09',	'2024-03-12 10:32:29'),
(10,	5,	0,	'Wilkommen',	NULL,	'presenter',	'',	'',	'Homepage',	'default',	'',	'',	'',	0,	0,	'',	'',	'',	1,	0,	'2023-03-21 10:58:20',	'2023-03-21 09:59:32'),
(11,	5,	0,	'Registration',	NULL,	'presenter',	'',	'',	'Registration',	'default',	'',	'',	'',	0,	0,	'',	'',	'',	1,	0,	'2023-03-21 11:00:39',	'2023-03-21 10:00:39'),
(12,	5,	0,	'Anmelden',	NULL,	'presenter',	'',	'',	'Sign',	'in',	'backlink=',	'',	'',	0,	0,	'',	'',	'',	1,	0,	'2023-03-21 11:09:39',	'2023-03-21 10:09:39'),
(13,	5,	0,	'Redirect',	NULL,	'remote_link',	'',	'',	NULL,	NULL,	'',	'https://www.oxit.cz',	'',	0,	0,	'',	'',	'',	1,	0,	'2023-03-22 18:17:24',	'2023-03-22 17:17:24'),
(14,	5,	0,	'Andere Seite',	NULL,	'local_link',	'/andere-seite.html',	'',	NULL,	NULL,	'',	'',	'',	0,	0,	'',	'',	'',	1,	0,	'2023-04-04 18:45:45',	'2023-04-04 16:45:45'),
(15,	5,	0,	'Die Seite',	NULL,	'local_link',	'/die-seite.html',	'',	NULL,	NULL,	'',	'',	'',	0,	0,	'',	'',	'',	1,	0,	'2023-04-04 19:07:44',	'2023-04-04 17:07:44');

INSERT INTO `structure_branches` (`id`, `name`, `shortcut`, `lang`, `public`, `order`, `active`) VALUES
(1,	'Hlavní menu',	'main-menu',	'cz',	1,	0,	1),
(2,	'Nezařazené',	'misc',	'cz',	1,	0,	1),
(3,	'Main menu EN',	'main-menu',	'en',	1,	0,	1),
(4,	'Misc',	'misc',	'en',	1,	0,	1),
(5,	'main-menu DE',	'main-menu',	'de',	1,	0,	1);

INSERT INTO `structure_components` (`id`, `structure_id`, `name`, `title`, `create_parameters`, `active`, `order`, `created`, `changed`) VALUES
(1,	7,	'article',	'',	'O:21:\"Nette\\Utils\\ArrayHash\":2:{s:4:\"lang\";s:2:\"cz\";s:10:\"articlesId\";s:1:\"2\";}',	1,	0,	'2020-03-26 13:24:36',	'2020-03-27 09:36:37'),
(2,	6,	'article',	'',	'O:21:\"Nette\\Utils\\ArrayHash\":2:{s:4:\"lang\";s:2:\"cz\";s:10:\"articlesId\";s:1:\"1\";}',	1,	0,	'2021-03-26 00:00:09',	'2021-03-25 23:00:09'),
(3,	7,	'slideshow',	'',	'a:2:{s:4:\"lang\";s:2:\"cz\";s:12:\"slideshowsId\";i:3;}',	1,	0,	'2021-03-26 00:04:37',	'2021-03-25 23:04:37'),
(5,	2,	'article',	NULL,	'a:2:{s:4:\"lang\";s:2:\"cz\";s:10:\"articlesId\";s:1:\"1\";}',	1,	0,	'2022-03-18 11:36:55',	'2024-03-21 12:55:40'),
(6,	7,	'news',	'Novinky',	'a:1:{s:4:\"lang\";s:2:\"cz\";}',	1,	0,	'2022-04-22 12:34:57',	'2022-04-22 10:35:16'),
(7,	7,	'partners',	'Partneři',	'a:1:{s:4:\"lang\";s:2:\"cz\";}',	1,	0,	'2022-04-22 12:38:19',	'2022-04-22 10:38:27'),
(9,	7,	'articleCategoryPreview',	NULL,	'a:3:{s:4:\"lang\";s:2:\"cz\";s:17:\"articleCategoryId\";s:1:\"2\";s:5:\"limit\";s:1:\"4\";}',	1,	0,	'2022-04-22 12:52:24',	'2022-04-22 10:52:24'),
(11,	2,	'slideshow',	NULL,	'a:2:{s:4:\"lang\";s:2:\"cz\";s:12:\"slideshowsId\";s:1:\"3\";}',	1,	1,	'2023-04-11 11:04:39',	'2024-03-21 12:55:40');

INSERT INTO `tags` (`id`, `tag`, `lang`) VALUES
(1,	'štítek1',	NULL),
(2,	'štítek2',	NULL);

INSERT INTO `text_snippets` (`id`, `code`, `lang`, `content`, `created`, `changed`) VALUES
(1,	'contactAddress',	'cz',	'',	'2017-10-30 17:01:49',	'2020-08-18 15:51:25'),
(2,	'siteDescription',	'cz',	'',	'2018-03-16 11:52:36',	'2018-03-16 10:52:36'),
(3,	'siteKeywords',	'cz',	'',	'2018-03-16 11:52:36',	'2018-03-16 10:52:36'),
(4,	'siteTitle',	'cz',	'Demo web OXIT',	'2018-03-16 11:52:36',	'2018-10-04 08:57:56'),
(5,	'webTitle',	'cz',	'Demo web OXIT',	'2018-10-04 10:58:57',	'2018-10-04 08:59:07'),
(6,	'siteDescription',	'en',	'',	'2018-10-04 11:01:02',	'2018-10-04 09:01:02'),
(7,	'siteKeywords',	'en',	'',	'2018-10-04 11:01:02',	'2018-10-04 09:01:02'),
(8,	'siteTitle',	'en',	'',	'2018-10-04 11:01:02',	'2018-10-04 09:01:02'),
(9,	'webTitle',	'en',	'',	'2018-10-04 11:01:02',	'2018-10-04 09:01:02'),
(10,	'contactAddress',	'en',	'',	'2018-10-04 11:01:02',	'2018-10-04 09:01:02'),
(15,	'siteDescription',	'de',	NULL,	'2023-03-21 11:01:34',	'2023-03-21 10:01:34'),
(16,	'siteKeywords',	'de',	NULL,	'2023-03-21 11:01:34',	'2023-03-21 10:01:34'),
(17,	'siteTitle',	'de',	NULL,	'2023-03-21 11:01:34',	'2023-03-21 10:01:34'),
(22,	'webTitle',	'de',	NULL,	'2023-03-21 11:01:34',	'2023-03-21 10:01:34'),
(23,	'cookieMainText',	'cz',	'<h4>Vážíme si vašeho soukromí</h4>\n<p>My a naši digitální partneři používáme na této webové stránce soubory cookies. Některé z nich jsou k fungování stránky nezbytné, ale o těch následujících můžete rozhodnout sami.</p>',	NULL,	'2023-06-06 09:22:34'),
(24,	'analyticsCookiesText',	'cz',	'Tyto cookies se používají k měření a analýze návštěvnosti našich webových stránek (množství návštěvníků, zobrazené stránky, průměrná doba prohlížení atd.). Souhlasem nám umožníte získat data o tom, jak naše stránky užíváte.',	NULL,	'2023-06-06 09:22:34'),
(25,	'necessaryCookiesText',	'cz',	'Jedná se o nezbytné cookies, bez kterých by nebylo možné stránky reálně provozovat. Zahrnují  např. cookies pro ukládání zvolených nastavení či zapamatování přihlášení.',	NULL,	'2023-06-06 09:22:34'),
(26,	'advertisementCookiesText',	'cz',	'Používají se pro účely reklam zobrazovaných na webových stránkách třetích stran, včetně sociálních sítí a kontextové reklamy. Jsou přizpůsobeny vašim preferencím a pomáhají nám měřit účinnost našich reklamních kampaní. Pokud je deaktivujete, bude se vám při procházení internetu i nadále zobrazovat reklama, ale nebude vám přizpůsobená na míru a bude pro vás méně relevantní.',	NULL,	'2023-06-06 09:22:34'),
(27,	'cookieMainText',	'en',	'<h4>We value your privacy</h4>\n<p>We and our digital partners use cookies on this website. Some of them are necessary for the&nbsp;functionality&nbsp;of the website, but you can decide on the following cookies yourself.</p>',	NULL,	'2023-06-06 09:22:34'),
(28,	'necessaryCookiesText',	'en',	'It would not be possible to operate the website without these cookies. They include, for example, cookies for storing selected settings or remembering logins.',	NULL,	'2023-06-06 09:22:34'),
(29,	'analyticsCookiesText',	'en',	'These cookies are used to measure and analyze traffic to our website (number of visitors, pages viewed, average browsing time, etc.). By consent, you will allow us to obtain data on how you use our site.',	NULL,	'2023-06-06 09:22:34'),
(30,	'advertisementCookiesText',	'en',	'They are used for the purposes of advertisements displayed on third-party websites, including social networks and contextual advertising. They are tailored to your preferences and help us measure the effectiveness of our advertising campaigns. If you disable them, your ad will continue to show as you browse, but it will not be tailored to you and will be less relevant to you.',	NULL,	'2023-06-06 09:22:34'),
(31,	'cookieMainText',	'de',	'<h4>Verwendung von Cookies</h4><br><p>Wir und unsere digitalen Partner verwenden Cookies auf dieser Website. Einige von ihnen sind für die Funktionalität der Website notwendig, aber Sie können selbst über die folgenden Cookies entscheiden.</p>',	NULL,	'2023-06-06 09:22:34'),
(32,	'necessaryCookiesText',	'de',	'Ohne diese Cookies wäre der Betrieb der Website nicht möglich. Dazu gehören z. B. Cookies zum Speichern ausgewählter Einstellungen oder zum Merken von Logins.',	NULL,	'2023-06-06 09:22:34'),
(33,	'analyticsCookiesText',	'de',	'Diese Cookies werden verwendet, um den Verkehr auf unserer Website zu messen und zu analysieren (Anzahl der Besucher, betrachtete Seiten, durchschnittliche Verweildauer usw.). Mit Ihrer Zustimmung erlauben Sie uns, Daten darüber zu erhalten, wie Sie unsere Website nutzen.',	NULL,	'2023-06-06 09:22:34'),
(34,	'advertisementCookiesText',	'de',	'Sie werden für die Zwecke der Werbung auf Websites Dritter, einschließlich sozialer Netzwerke und kontextbezogener Werbung, verwendet. Sie sind auf Ihre Präferenzen zugeschnitten und helfen uns, die Wirksamkeit unserer Werbekampagnen zu messen. Wenn Sie sie deaktivieren, wird Ihre Werbung weiterhin angezeigt, wenn Sie surfen, aber sie ist nicht auf Sie zugeschnitten und weniger relevant für Sie.',	NULL,	'2023-06-06 09:22:34');

INSERT INTO `videos` (`id`, `users_id`, `title`, `file`, `embed`, `ratio`, `created`, `changed`) VALUES
(1,	2,	'Stream',	NULL,	'https://vimeo.com/event/4011004/embed',	'16:9',	'2024-01-15 17:28:46',	'2024-01-15 16:28:46');